name	x	y	z	material
C3	-0.06714873038365092	0.023358234962598565	0.10451068106025274	Ag/AgCl
Cz	-0.0013741408533525957	0.027617093717945417	0.1401994941744	Ag/AgCl
C4	0.06532887326785189	0.02357310071942504	0.10369243420048097	Ag/AgCl
